{
  "name": "Merriweather",
  "faces": [
    {
      "name": "Light",
      "weight": 300,
      "style": "normal",
      "assetId": "rbxasset://fonts/CustomFont.ttf"
    },
    {
      "name": "Light Italic",
      "weight": 300,
      "style": "italic",
      "assetId": "rbxasset://fonts/CustomFont.ttf"
    },
    {
      "name": "Regular",
      "weight": 400,
      "style": "normal",
      "assetId": "rbxasset://fonts/CustomFont.ttf"
    },
    {
      "name": "Italic",
      "weight": 400,
      "style": "italic",
      "assetId": "rbxasset://fonts/CustomFont.ttf"
    },
    {
      "name": "Bold",
      "weight": 700,
      "style": "normal",
      "assetId": "rbxasset://fonts/CustomFont.ttf"
    },
    {
      "name": "Bold Italic",
      "weight": 700,
      "style": "italic",
      "assetId": "rbxasset://fonts/CustomFont.ttf"
    },
    {
      "name": "Black",
      "weight": 900,
      "style": "normal",
      "assetId": "rbxasset://fonts/CustomFont.ttf"
    },
    {
      "name": "Black Italic",
      "weight": 900,
      "style": "italic",
      "assetId": "rbxasset://fonts/CustomFont.ttf"
    }
  ]
}